{"cameraMode":{"drawMode":0,"name":"Shaded","section":"Shading Mode"},"sceneLighting":true,"audioPlay":false,"sceneViewState":{"m_AlwaysRefresh":false,"showFog":true,"showSkybox":true,"showFlares":true,"showImageEffects":true,"showParticleSystems":true,"showVisualEffectGraphs":true,"m_FxEnabled":true},"in2DMode":false,"pivot":{"x":0.1540248990058899,"y":7.1207122802734379,"z":0.12981319427490235},"rotation":{"x":0.044970203191041949,"y":-0.025471385568380357,"z":0.0011469736928120256,"w":0.9986631274223328},"size":8.346315383911133,"orthographic":false}